-- MySQL dump 10.13  Distrib 8.0.39, for Linux (x86_64)
--
-- Host: localhost    Database: beacon_tracker
-- ------------------------------------------------------
-- Server version	8.0.39-0ubuntu0.22.04.1

/*!40101 SET @OLD_CHARACTER_SET_CLIENT=@@CHARACTER_SET_CLIENT */;
/*!40101 SET @OLD_CHARACTER_SET_RESULTS=@@CHARACTER_SET_RESULTS */;
/*!40101 SET @OLD_COLLATION_CONNECTION=@@COLLATION_CONNECTION */;
/*!50503 SET NAMES utf8mb4 */;
/*!40103 SET @OLD_TIME_ZONE=@@TIME_ZONE */;
/*!40103 SET TIME_ZONE='+00:00' */;
/*!40014 SET @OLD_UNIQUE_CHECKS=@@UNIQUE_CHECKS, UNIQUE_CHECKS=0 */;
/*!40014 SET @OLD_FOREIGN_KEY_CHECKS=@@FOREIGN_KEY_CHECKS, FOREIGN_KEY_CHECKS=0 */;
/*!40101 SET @OLD_SQL_MODE=@@SQL_MODE, SQL_MODE='NO_AUTO_VALUE_ON_ZERO' */;
/*!40111 SET @OLD_SQL_NOTES=@@SQL_NOTES, SQL_NOTES=0 */;

--
-- Table structure for table `beacon_scanners`
--

DROP TABLE IF EXISTS `beacon_scanners`;
/*!40101 SET @saved_cs_client     = @@character_set_client */;
/*!50503 SET character_set_client = utf8mb4 */;
CREATE TABLE `beacon_scanners` (
  `id` int NOT NULL AUTO_INCREMENT,
  `mac_address` varchar(255) NOT NULL,
  `device_name` varchar(255) NOT NULL,
  PRIMARY KEY (`id`),
  UNIQUE KEY `mac_address` (`mac_address`)
) ENGINE=InnoDB AUTO_INCREMENT=4 DEFAULT CHARSET=utf8mb4 COLLATE=utf8mb4_0900_ai_ci;
/*!40101 SET character_set_client = @saved_cs_client */;

--
-- Dumping data for table `beacon_scanners`
--

LOCK TABLES `beacon_scanners` WRITE;
/*!40000 ALTER TABLE `beacon_scanners` DISABLE KEYS */;
INSERT INTO `beacon_scanners` VALUES (1,'eac2e46a9ea2bdd2','S23'),(2,'7d785333a66f0d48','S21'),(3,'55ce876e90c4dc87','Note10');
/*!40000 ALTER TABLE `beacon_scanners` ENABLE KEYS */;
UNLOCK TABLES;

--
-- Table structure for table `current_rssi_measurements`
--

DROP TABLE IF EXISTS `current_rssi_measurements`;
/*!40101 SET @saved_cs_client     = @@character_set_client */;
/*!50503 SET character_set_client = utf8mb4 */;
CREATE TABLE `current_rssi_measurements` (
  `id` bigint NOT NULL AUTO_INCREMENT,
  `scanner_id` int NOT NULL,
  `fixed_beacon_id` int NOT NULL,
  `rssi` int NOT NULL,
  `timestamp` timestamp NULL DEFAULT CURRENT_TIMESTAMP,
  `send_flag` tinyint(1) DEFAULT '0',
  PRIMARY KEY (`id`),
  KEY `scanner_id` (`scanner_id`),
  KEY `fixed_beacon_id` (`fixed_beacon_id`),
  CONSTRAINT `current_rssi_measurements_ibfk_1` FOREIGN KEY (`scanner_id`) REFERENCES `beacon_scanners` (`id`),
  CONSTRAINT `current_rssi_measurements_ibfk_2` FOREIGN KEY (`fixed_beacon_id`) REFERENCES `fixed_beacons` (`id`)
) ENGINE=InnoDB AUTO_INCREMENT=786 DEFAULT CHARSET=utf8mb4 COLLATE=utf8mb4_0900_ai_ci;
/*!40101 SET character_set_client = @saved_cs_client */;

--
-- Dumping data for table `current_rssi_measurements`
--

LOCK TABLES `current_rssi_measurements` WRITE;
/*!40000 ALTER TABLE `current_rssi_measurements` DISABLE KEYS */;
INSERT INTO `current_rssi_measurements` VALUES (163,1,14,-37,'2024-09-21 16:17:54',1),(164,1,14,-40,'2024-09-21 16:17:56',1),(165,1,14,-35,'2024-09-21 16:17:57',1),(166,1,14,-41,'2024-09-21 16:17:58',1),(167,1,14,-40,'2024-09-21 16:17:59',1),(168,1,14,-35,'2024-09-21 16:18:00',1),(169,1,14,-33,'2024-09-21 16:18:13',1),(170,1,14,-39,'2024-09-21 16:18:41',1),(171,1,12,-43,'2024-09-21 16:18:46',1),(172,1,12,-43,'2024-09-21 16:18:49',1),(173,1,14,-36,'2024-09-21 16:18:52',1),(174,1,12,-42,'2024-09-21 16:18:58',1),(175,1,12,-49,'2024-09-21 16:19:00',1),(176,1,12,-40,'2024-09-21 16:19:02',1),(177,1,14,-36,'2024-09-21 16:19:03',1),(178,1,14,-35,'2024-09-21 16:19:05',1),(179,1,12,-50,'2024-09-21 16:19:15',1),(180,1,14,-36,'2024-09-21 16:19:16',1),(181,1,12,-46,'2024-09-21 16:19:17',1),(182,1,12,-48,'2024-09-21 16:19:21',1),(183,1,14,-33,'2024-09-21 16:19:28',1),(184,1,12,-49,'2024-09-21 16:19:32',1),(185,1,12,-47,'2024-09-21 16:19:45',1),(186,1,12,-48,'2024-09-21 16:19:47',1),(187,1,14,-37,'2024-09-21 16:19:53',1),(188,1,12,-44,'2024-09-21 16:20:00',1),(189,1,14,-33,'2024-09-21 16:20:01',1),(190,1,14,-36,'2024-09-21 16:20:06',1),(191,1,12,-44,'2024-09-21 16:20:09',1),(192,1,12,-50,'2024-09-21 16:20:11',1),(193,1,12,-46,'2024-09-21 16:20:22',1),(194,1,12,-45,'2024-09-21 16:20:24',1),(195,1,14,-36,'2024-09-21 16:20:43',1),(196,1,12,-43,'2024-09-21 16:20:48',1),(197,1,12,-43,'2024-09-21 16:20:50',1),(198,1,12,-54,'2024-09-21 16:20:52',1),(199,1,14,-35,'2024-09-21 16:20:56',1),(200,1,14,-35,'2024-09-21 16:21:03',1),(201,1,14,-41,'2024-09-21 16:21:05',1),(202,1,14,-35,'2024-09-21 16:21:07',1),(203,1,12,-49,'2024-09-21 16:21:12',1),(204,1,14,-37,'2024-09-21 16:21:16',1),(205,1,14,-33,'2024-09-21 16:21:20',1),(206,1,12,-42,'2024-09-21 16:26:38',1),(207,1,12,-46,'2024-09-21 16:26:40',1),(208,1,12,-39,'2024-09-21 16:26:41',1),(209,1,12,-38,'2024-09-21 16:26:42',1),(210,1,12,-44,'2024-09-21 16:26:43',1),(211,1,12,-39,'2024-09-21 16:26:46',1),(212,1,12,-45,'2024-09-21 16:26:48',1),(213,1,12,-43,'2024-09-21 16:27:08',1),(214,1,12,-50,'2024-09-21 16:27:10',1),(215,1,14,-46,'2024-09-21 16:27:15',1),(216,1,14,-34,'2024-09-21 16:27:29',1),(217,1,14,-37,'2024-09-21 16:27:31',1),(218,1,14,-35,'2024-09-21 16:27:42',1),(219,1,14,-35,'2024-09-21 16:27:53',1),(220,1,14,-37,'2024-09-21 16:27:57',1),(221,1,14,-34,'2024-09-21 16:28:08',1),(222,1,14,-35,'2024-09-21 16:28:10',1),(223,1,14,-36,'2024-09-21 16:28:19',1),(224,1,14,-34,'2024-09-21 16:28:21',1),(225,1,14,-46,'2024-09-21 16:28:23',1),(226,1,14,-34,'2024-09-21 16:35:20',1),(227,1,14,-34,'2024-09-21 16:35:26',1),(228,1,14,-38,'2024-09-21 16:35:39',1),(229,1,14,-38,'2024-09-21 16:41:24',1),(230,1,14,-38,'2024-09-21 16:41:31',1),(231,1,14,-69,'2024-09-21 16:41:33',1),(232,1,14,-68,'2024-09-21 16:41:35',1),(233,1,14,-64,'2024-09-21 16:41:46',1),(234,1,14,-61,'2024-09-21 16:42:01',1),(235,1,14,-66,'2024-09-21 16:42:10',1),(236,1,14,-43,'2024-09-21 16:42:21',1),(237,1,12,-61,'2024-09-21 16:42:25',1),(238,1,12,-50,'2024-09-21 16:42:29',1),(239,1,12,-52,'2024-09-21 16:42:42',1),(240,1,12,-51,'2024-09-21 16:43:02',1),(241,1,12,-52,'2024-09-21 16:43:04',1),(242,1,12,-49,'2024-09-21 16:43:17',1),(243,1,12,-50,'2024-09-21 16:48:56',1),(244,1,12,-36,'2024-09-21 16:48:58',1),(245,1,12,-40,'2024-09-21 16:49:09',1),(246,1,12,-43,'2024-09-21 16:49:22',1),(247,1,12,-52,'2024-09-21 16:49:24',1),(248,1,12,-39,'2024-09-21 16:49:37',1),(249,1,12,-55,'2024-09-21 16:49:51',1),(250,1,12,-42,'2024-09-21 16:49:53',1),(251,1,12,-46,'2024-09-21 16:52:38',1),(252,1,12,-50,'2024-09-21 16:52:40',1),(253,1,12,-49,'2024-09-21 16:52:41',1),(254,1,12,-54,'2024-09-21 16:52:43',1),(255,1,12,-46,'2024-09-21 16:52:47',1),(256,1,12,-54,'2024-09-21 16:52:58',1),(257,1,12,-47,'2024-09-21 16:53:20',1),(258,1,12,-43,'2024-09-21 16:53:24',1),(259,1,12,-51,'2024-09-21 16:53:33',1),(260,1,12,-56,'2024-09-21 16:53:49',1),(261,1,12,-48,'2024-09-21 16:53:57',1),(262,1,12,-52,'2024-09-21 16:54:00',1),(263,1,12,-55,'2024-09-21 16:54:11',1),(264,1,12,-56,'2024-09-21 16:54:12',1),(265,1,12,-56,'2024-09-21 16:54:24',1),(266,1,12,-51,'2024-09-21 16:54:26',1),(267,1,12,-50,'2024-09-21 17:06:05',1),(268,1,12,-45,'2024-09-21 17:06:07',1),(269,1,12,-41,'2024-09-21 17:06:07',1),(270,1,12,-51,'2024-09-21 17:06:08',1),(271,1,12,-51,'2024-09-21 17:06:11',1),(272,1,12,-46,'2024-09-21 17:06:13',1),(273,1,12,-46,'2024-09-21 17:06:15',1),(274,1,14,-43,'2024-09-21 17:06:22',1),(275,1,14,-49,'2024-09-21 17:06:38',1),(276,1,14,-46,'2024-09-21 17:06:49',1),(277,1,14,-45,'2024-09-21 17:07:00',1),(278,1,14,-44,'2024-09-21 17:07:02',1),(279,1,14,-46,'2024-09-21 17:07:17',1),(280,1,14,-41,'2024-09-21 17:07:19',1),(281,1,14,-41,'2024-09-21 17:07:30',1),(282,1,12,-47,'2024-09-21 17:08:09',1),(283,1,12,-47,'2024-09-21 17:08:24',1),(284,1,12,-44,'2024-09-21 17:08:48',1),(285,1,12,-57,'2024-09-21 17:09:14',1),(286,1,12,-68,'2024-09-21 17:09:16',1),(287,1,12,-61,'2024-09-21 17:09:25',1),(288,1,12,-67,'2024-09-21 17:09:38',1),(289,1,12,-68,'2024-09-21 17:09:49',1),(290,1,12,-61,'2024-09-21 17:10:05',1),(291,1,12,-55,'2024-09-21 17:10:07',1),(292,2,12,-60,'2024-09-21 17:10:24',1),(293,2,12,-57,'2024-09-21 17:10:28',1),(294,1,12,-57,'2024-09-21 17:10:29',1),(295,1,12,-58,'2024-09-21 17:10:31',1),(296,2,12,-55,'2024-09-21 17:10:32',1),(297,2,12,-60,'2024-09-21 17:10:35',1),(298,1,12,-56,'2024-09-21 17:10:40',1),(299,1,12,-58,'2024-09-21 17:10:44',1),(300,2,12,-57,'2024-09-21 17:10:51',1),(301,2,12,-54,'2024-09-21 17:10:54',1),(302,1,12,-59,'2024-09-21 17:11:06',1),(303,1,12,-57,'2024-09-21 17:11:08',1),(304,2,12,-61,'2024-09-21 17:11:10',1),(305,2,12,-57,'2024-09-21 17:11:13',1),(306,1,12,-58,'2024-09-21 17:11:23',1),(307,2,12,-55,'2024-09-21 17:11:29',1),(308,1,12,-59,'2024-09-21 17:11:32',1),(309,1,12,-56,'2024-09-21 17:11:43',1),(310,2,12,-62,'2024-09-21 17:11:45',1),(311,2,12,-57,'2024-09-21 17:11:48',1),(312,2,12,-54,'2024-09-21 17:11:51',1),(313,1,12,-62,'2024-09-21 17:11:56',1),(314,1,12,-58,'2024-09-21 17:12:00',1),(315,2,12,-63,'2024-09-21 17:12:07',1),(316,1,12,-61,'2024-09-21 17:12:09',1),(317,2,12,-57,'2024-09-21 17:12:10',1),(318,1,12,-58,'2024-09-21 17:12:11',1),(319,1,12,-57,'2024-09-21 17:12:22',1),(320,2,12,-57,'2024-09-21 17:12:23',1),(321,2,12,-55,'2024-09-21 17:12:26',1),(322,1,12,-58,'2024-09-21 17:12:34',1),(323,2,12,-62,'2024-09-21 17:12:42',1),(324,1,12,-57,'2024-09-21 17:12:43',1),(325,1,12,-59,'2024-09-21 17:12:45',1),(326,2,12,-59,'2024-09-21 17:12:45',1),(327,1,12,-57,'2024-09-21 17:12:47',1),(328,1,12,-57,'2024-09-21 17:12:56',1),(329,2,12,-51,'2024-09-21 17:12:58',1),(330,1,12,-56,'2024-09-21 17:12:58',1),(331,1,12,-60,'2024-09-21 17:14:19',1),(332,1,12,-66,'2024-09-21 17:14:20',1),(333,1,12,-66,'2024-09-21 17:14:21',1),(334,1,12,-64,'2024-09-21 17:14:22',1),(335,1,12,-70,'2024-09-21 17:14:25',1),(336,2,14,-63,'2024-09-21 17:14:28',1),(337,2,14,-68,'2024-09-21 17:14:30',1),(338,1,14,-16,'2024-09-21 17:14:32',1),(339,2,12,-30,'2024-09-21 17:14:34',1),(340,1,14,-19,'2024-09-21 17:14:34',1),(341,2,14,-66,'2024-09-21 17:14:35',1),(342,2,12,-33,'2024-09-21 17:14:37',1),(343,1,12,-64,'2024-09-21 17:14:38',1),(344,2,14,-62,'2024-09-21 17:14:38',1),(345,1,12,-64,'2024-09-21 17:14:42',1),(346,2,12,-33,'2024-09-21 17:14:50',1),(347,1,12,-78,'2024-09-21 17:14:51',1),(348,2,14,-66,'2024-09-21 17:14:51',1),(349,2,14,-67,'2024-09-21 17:14:54',1),(350,2,12,-30,'2024-09-21 17:15:09',1),(351,2,14,-64,'2024-09-21 17:15:11',1),(352,1,14,-16,'2024-09-21 17:15:11',1),(353,2,12,-33,'2024-09-21 17:15:12',1),(354,2,14,-64,'2024-09-21 17:15:14',1),(355,2,12,-33,'2024-09-21 17:15:25',1),(356,1,12,-59,'2024-09-21 17:15:28',1),(357,2,12,-31,'2024-09-21 17:15:28',1),(358,1,12,-69,'2024-09-21 17:15:30',1),(359,2,12,-30,'2024-09-21 17:15:31',1),(360,1,12,-65,'2024-09-21 17:15:32',1),(361,2,14,-65,'2024-09-21 17:15:33',1),(362,1,14,-16,'2024-09-21 17:15:37',1),(363,1,14,-16,'2024-09-21 17:15:40',1),(364,1,12,-69,'2024-09-21 17:15:41',1),(365,2,14,-62,'2024-09-21 17:15:46',1),(366,2,12,-33,'2024-09-21 17:15:47',1),(367,2,14,-65,'2024-09-21 17:15:49',1),(368,2,12,-31,'2024-09-21 17:15:50',1),(369,1,14,-16,'2024-09-21 17:15:51',1),(370,2,14,-67,'2024-09-21 17:15:51',1),(371,1,12,-66,'2024-09-21 17:15:54',1),(372,2,12,-31,'2024-09-21 17:16:03',1),(373,2,14,-67,'2024-09-21 17:16:05',1),(374,2,12,-30,'2024-09-21 17:16:06',1),(375,2,12,-9,'2024-09-21 17:16:09',1),(376,1,14,-17,'2024-09-21 17:16:17',1),(377,2,12,-32,'2024-09-21 17:16:23',1),(378,2,14,-66,'2024-09-21 17:16:24',1),(379,2,12,-57,'2024-09-21 17:16:25',1),(380,1,14,-19,'2024-09-21 17:16:26',1),(381,2,14,-73,'2024-09-21 17:16:27',1),(382,1,14,-17,'2024-09-21 17:16:28',1),(383,2,12,-41,'2024-09-21 17:16:28',1),(384,1,12,-77,'2024-09-21 17:16:31',1),(385,1,14,-16,'2024-09-21 17:16:39',1),(386,2,14,-74,'2024-09-21 17:16:40',1),(387,1,14,-16,'2024-09-21 17:16:41',1),(388,2,12,-41,'2024-09-21 17:16:41',1),(389,2,14,-79,'2024-09-21 17:16:43',1),(390,1,12,-82,'2024-09-21 17:16:44',1),(391,2,12,-46,'2024-09-21 17:16:44',1),(392,2,14,-83,'2024-09-21 17:16:46',1),(393,1,14,-16,'2024-09-21 17:16:52',1),(394,2,14,-83,'2024-09-21 17:16:59',1),(395,1,12,-75,'2024-09-21 17:17:00',1),(396,2,14,-74,'2024-09-21 17:17:02',1),(397,1,14,-16,'2024-09-21 17:17:03',1),(398,2,12,-41,'2024-09-21 17:17:03',1),(399,1,12,-82,'2024-09-21 17:17:13',1),(400,2,12,-41,'2024-09-21 17:17:17',1),(401,1,14,-16,'2024-09-21 17:17:18',1),(402,2,14,-82,'2024-09-21 17:17:18',1),(403,2,14,-82,'2024-09-21 17:17:21',1),(404,2,12,-42,'2024-09-21 17:17:23',1),(405,1,12,-79,'2024-09-21 17:17:24',1),(406,1,14,-17,'2024-09-21 17:17:29',1),(407,1,12,-75,'2024-09-21 17:17:35',1),(408,2,12,-42,'2024-09-21 17:17:36',1),(409,2,14,-73,'2024-09-21 17:17:37',1),(410,2,12,-38,'2024-09-21 17:17:39',1),(411,2,14,-78,'2024-09-21 17:17:40',1),(412,1,14,-16,'2024-09-21 17:17:40',1),(413,2,12,-43,'2024-09-21 17:17:42',1),(414,1,12,-84,'2024-09-21 17:17:47',1),(415,2,12,-39,'2024-09-21 17:17:55',1),(416,2,14,-79,'2024-09-21 17:17:56',1),(417,2,12,-34,'2024-09-21 17:17:58',1),(418,1,12,-82,'2024-09-21 17:17:58',1),(419,2,14,-74,'2024-09-21 17:17:59',1),(420,1,12,-73,'2024-09-21 17:18:00',1),(421,1,14,-51,'2024-09-21 17:18:03',1),(422,2,12,-35,'2024-09-21 17:18:11',1),(423,2,14,-93,'2024-09-21 17:18:12',1),(424,2,12,-34,'2024-09-21 17:18:14',1),(425,2,14,-82,'2024-09-21 17:18:15',1),(426,2,12,-39,'2024-09-21 17:18:17',1),(427,1,14,-57,'2024-09-21 17:18:18',1),(428,2,14,-79,'2024-09-21 17:18:31',1),(429,2,12,-34,'2024-09-21 17:18:33',1),(430,1,12,-88,'2024-09-21 17:19:03',1),(431,1,14,-56,'2024-09-21 17:19:07',1),(432,2,14,-79,'2024-09-21 17:19:07',1),(433,2,12,-34,'2024-09-21 17:19:08',1),(434,1,14,-55,'2024-09-21 17:19:09',1),(435,2,14,-79,'2024-09-21 17:19:13',1),(436,1,12,-90,'2024-09-21 17:19:14',1),(437,1,14,-56,'2024-09-21 17:19:18',1),(438,2,12,-35,'2024-09-21 17:19:24',1),(439,1,12,-91,'2024-09-21 17:19:25',1),(440,2,14,-81,'2024-09-21 17:19:26',1),(441,1,12,-84,'2024-09-21 17:19:27',1),(442,2,12,-39,'2024-09-21 17:19:27',1),(443,2,14,-79,'2024-09-21 17:19:29',1),(444,2,14,-79,'2024-09-21 17:19:31',1),(445,1,14,-54,'2024-09-21 17:19:31',1),(446,2,14,-79,'2024-09-21 17:19:32',1),(447,1,14,-53,'2024-09-21 17:19:44',1),(448,2,14,-79,'2024-09-21 17:19:45',1),(449,2,12,-39,'2024-09-21 17:19:46',1),(450,2,14,-79,'2024-09-21 17:19:48',1),(451,1,12,-83,'2024-09-21 17:19:49',1),(452,2,12,-35,'2024-09-21 17:19:49',1),(453,2,14,-86,'2024-09-21 17:19:51',1),(454,1,12,-78,'2024-09-21 17:19:51',1),(455,1,14,-53,'2024-09-21 17:19:55',1),(456,1,14,-57,'2024-09-21 17:19:57',1),(457,1,14,-54,'2024-09-21 17:19:59',1),(458,2,14,-48,'2024-09-21 17:20:04',1),(459,3,14,-58,'2024-09-21 17:28:06',1),(460,3,14,-64,'2024-09-21 17:28:06',1),(461,3,14,-58,'2024-09-21 17:28:07',1),(462,3,14,-36,'2024-09-21 17:28:08',1),(463,3,14,-38,'2024-09-21 17:28:09',1),(464,3,12,-57,'2024-09-21 17:28:13',1),(465,3,12,-60,'2024-09-21 17:28:14',1),(466,3,12,-55,'2024-09-21 17:28:15',1),(467,3,12,-60,'2024-09-21 17:28:16',1),(468,3,12,-57,'2024-09-21 17:28:17',1),(469,3,14,-38,'2024-09-21 17:28:26',1),(470,3,14,-34,'2024-09-21 17:28:27',1),(471,1,14,-63,'2024-09-21 17:28:36',1),(472,1,14,-65,'2024-09-21 17:28:38',1),(473,1,14,-66,'2024-09-21 17:28:40',1),(474,1,14,-58,'2024-09-21 17:28:42',1),(475,3,14,-34,'2024-09-21 17:28:44',1),(476,3,14,-37,'2024-09-21 17:28:47',1),(477,3,14,-35,'2024-09-21 17:28:48',1),(478,1,14,-42,'2024-09-21 17:28:53',1),(479,3,14,-36,'2024-09-21 17:29:03',1),(480,3,14,-33,'2024-09-21 17:29:04',1),(481,3,14,-33,'2024-09-21 17:29:08',1),(482,2,14,-55,'2024-09-21 17:29:09',1),(483,1,14,-34,'2024-09-21 17:29:18',1),(484,1,14,-37,'2024-09-21 17:29:20',1),(485,2,12,-60,'2024-09-21 17:29:27',1),(486,2,12,-68,'2024-09-21 17:29:30',1),(487,2,14,-71,'2024-09-21 17:29:32',1),(488,1,14,-35,'2024-09-21 17:29:33',1),(489,2,14,-65,'2024-09-21 17:29:35',1),(490,1,12,-74,'2024-09-21 17:29:36',1),(491,1,14,-40,'2024-09-21 17:29:44',1),(492,1,12,-66,'2024-09-21 17:29:46',1),(493,2,12,-65,'2024-09-21 17:29:46',1),(494,1,12,-79,'2024-09-21 17:29:48',1),(495,1,12,-66,'2024-09-21 17:29:50',1),(496,2,12,-58,'2024-09-21 17:29:50',1),(497,2,14,-73,'2024-09-21 17:29:51',1),(498,2,14,-81,'2024-09-21 17:29:57',1),(499,1,14,-68,'2024-09-21 17:29:59',1),(500,1,12,-65,'2024-09-21 17:30:01',1),(501,2,12,-54,'2024-09-21 17:30:09',1),(502,1,14,-68,'2024-09-21 17:30:10',1),(503,1,14,-62,'2024-09-21 17:30:12',1),(504,2,14,-84,'2024-09-21 17:30:13',1),(505,1,14,-69,'2024-09-21 17:30:21',1),(506,2,12,-56,'2024-09-21 17:30:22',1),(507,1,14,-62,'2024-09-21 17:30:23',1),(508,2,12,-63,'2024-09-21 17:30:24',1),(509,1,14,-66,'2024-09-21 17:30:25',1),(510,2,14,-81,'2024-09-21 17:30:26',1),(511,1,12,-74,'2024-09-21 17:30:26',1),(512,2,14,-81,'2024-09-21 17:30:32',1),(513,1,14,-66,'2024-09-21 17:30:36',1),(514,1,12,-63,'2024-09-21 17:30:40',1),(515,2,12,-69,'2024-09-21 17:30:41',1),(516,2,12,-55,'2024-09-21 17:30:44',1),(517,2,14,-79,'2024-09-21 17:30:45',1),(518,1,14,-65,'2024-09-21 17:30:47',1),(519,2,14,-86,'2024-09-21 17:30:48',1),(520,1,14,-69,'2024-09-21 17:30:49',1),(521,2,14,-78,'2024-09-21 17:30:51',1),(522,2,12,-57,'2024-09-21 17:30:57',1),(523,2,12,-63,'2024-09-21 17:31:00',1),(524,1,12,-66,'2024-09-21 17:31:02',1),(525,1,12,-68,'2024-09-21 17:31:04',1),(526,2,14,-82,'2024-09-21 17:31:07',1),(527,2,14,-77,'2024-09-21 17:31:10',1),(528,1,14,-63,'2024-09-21 17:31:13',1),(529,2,12,-33,'2024-09-21 17:31:16',1),(530,2,12,-33,'2024-09-21 17:31:19',1),(531,1,14,-63,'2024-09-21 17:31:20',1),(532,2,12,-10,'2024-09-21 17:31:22',1),(533,2,14,-78,'2024-09-21 17:31:23',1),(534,2,14,-86,'2024-09-21 17:31:29',1),(535,1,14,-46,'2024-09-21 17:31:31',1),(536,1,14,-44,'2024-09-21 17:31:33',1),(537,1,12,-90,'2024-09-21 17:31:35',1),(538,2,12,-34,'2024-09-21 17:31:35',1),(539,2,12,-34,'2024-09-21 17:31:38',1),(540,2,12,-33,'2024-09-21 17:31:41',1),(541,2,14,-90,'2024-09-21 17:31:42',1),(542,1,14,-52,'2024-09-21 17:31:44',1),(543,2,14,-90,'2024-09-21 17:31:45',1),(544,2,14,-92,'2024-09-21 17:31:48',1),(545,1,12,-83,'2024-09-21 17:31:50',1),(546,2,12,-58,'2024-09-21 17:31:54',1),(547,2,12,-65,'2024-09-21 17:31:57',1),(548,1,14,-40,'2024-09-21 17:31:57',1),(549,2,14,-88,'2024-09-21 17:32:02',1),(550,1,12,-81,'2024-09-21 17:32:03',1),(551,1,14,-49,'2024-09-21 17:32:11',1),(552,2,12,-69,'2024-09-21 17:32:13',1),(553,2,12,-67,'2024-09-21 17:32:19',1),(554,1,14,-45,'2024-09-21 17:32:23',1),(555,2,14,-89,'2024-09-21 17:32:23',1),(556,1,14,-38,'2024-09-21 17:32:26',1),(557,1,12,-84,'2024-09-21 17:32:27',1),(558,1,12,-80,'2024-09-21 17:32:29',1),(559,2,12,-66,'2024-09-21 17:32:32',1),(560,1,14,-46,'2024-09-21 17:32:34',1),(561,2,12,-71,'2024-09-21 17:32:35',1),(562,1,14,-38,'2024-09-21 17:32:37',1),(563,2,12,-59,'2024-09-21 17:32:38',1),(564,1,12,-80,'2024-09-21 17:32:40',1),(565,1,14,-50,'2024-09-21 18:29:15',1),(566,1,14,-40,'2024-09-21 18:29:17',1),(567,1,14,-41,'2024-09-21 18:29:19',1),(568,1,14,-48,'2024-09-21 18:29:26',1),(569,1,14,-40,'2024-09-21 18:29:28',1),(570,1,14,-42,'2024-09-21 18:29:41',1),(571,1,14,-45,'2024-09-21 18:29:52',1),(572,1,14,-48,'2024-09-21 18:29:54',1),(573,1,14,-47,'2024-09-21 18:30:05',1),(574,1,14,-39,'2024-09-21 18:30:29',1),(575,1,14,-52,'2024-09-21 18:30:56',1),(576,1,14,-50,'2024-09-21 18:31:07',1),(577,1,14,-46,'2024-09-21 18:31:33',1),(578,1,14,-46,'2024-09-21 18:31:46',1),(579,1,14,-39,'2024-09-21 18:31:48',1),(580,1,14,-38,'2024-09-21 18:32:09',1),(581,1,14,-45,'2024-09-21 18:32:22',1),(582,1,14,-55,'2024-09-21 18:32:24',1),(583,1,14,-43,'2024-09-21 18:32:37',1),(584,1,14,-42,'2024-09-21 18:32:39',1),(585,1,14,-40,'2024-09-21 18:32:48',1),(586,1,14,-61,'2024-09-21 18:33:03',1),(587,2,7,-86,'2024-09-23 05:36:58',1),(588,2,8,-67,'2024-09-23 05:36:58',1),(589,2,14,-54,'2024-09-23 05:36:58',1),(590,2,14,-51,'2024-09-23 05:37:04',1),(591,2,8,-69,'2024-09-23 05:37:04',1),(592,2,14,-58,'2024-09-23 05:37:06',1),(593,2,9,-95,'2024-09-23 05:37:12',1),(594,2,14,-56,'2024-09-23 05:37:17',1),(595,2,8,-71,'2024-09-23 05:37:17',1),(596,2,9,-86,'2024-09-23 05:37:25',1),(597,2,8,-75,'2024-09-23 05:37:29',1),(598,2,7,-76,'2024-09-23 05:37:31',1),(599,2,14,-51,'2024-09-23 05:37:33',1),(600,2,9,-84,'2024-09-23 05:37:36',1),(601,2,8,-79,'2024-09-23 05:37:40',1),(602,2,14,-46,'2024-09-23 05:37:41',1),(603,2,8,-70,'2024-09-23 05:37:42',1),(604,2,14,-47,'2024-09-23 05:37:44',1),(605,2,7,-91,'2024-09-23 05:37:53',1),(606,2,8,-67,'2024-09-23 05:37:53',1),(607,2,14,-50,'2024-09-23 05:37:57',1),(608,2,8,-68,'2024-09-23 05:38:04',1),(609,2,7,-82,'2024-09-23 05:38:06',1),(610,2,14,-51,'2024-09-23 05:38:07',1),(611,2,7,-88,'2024-09-23 05:38:08',1),(612,2,9,-84,'2024-09-23 05:38:13',1),(613,2,8,-74,'2024-09-23 05:38:17',1),(614,2,8,-80,'2024-09-23 05:38:19',1),(615,2,7,-86,'2024-09-23 05:38:19',1),(616,2,14,-57,'2024-09-23 05:38:21',1),(617,2,9,-86,'2024-09-23 05:38:26',1),(618,2,8,-74,'2024-09-23 05:38:30',1),(619,2,8,-69,'2024-09-23 05:38:32',1),(620,2,8,-79,'2024-09-23 05:38:41',1),(621,2,7,-89,'2024-09-23 05:38:41',1),(622,2,14,-64,'2024-09-23 05:38:43',1),(623,2,7,-90,'2024-09-23 05:38:43',1),(624,2,8,-68,'2024-09-23 05:38:43',1),(625,2,8,-72,'2024-09-23 05:38:45',1),(626,2,7,-88,'2024-09-23 05:38:45',1),(627,2,9,-91,'2024-09-23 05:38:50',1),(628,2,15,-93,'2024-09-23 05:38:52',1),(629,2,7,-84,'2024-09-23 05:38:54',1),(630,2,8,-70,'2024-09-23 05:38:54',1),(631,2,14,-50,'2024-09-23 05:38:56',1),(632,2,8,-73,'2024-09-23 05:38:56',1),(633,2,7,-82,'2024-09-23 05:38:56',1),(634,2,14,-54,'2024-09-23 05:38:58',1),(635,2,9,-91,'2024-09-23 05:39:07',1),(636,2,7,-81,'2024-09-23 05:39:08',1),(637,2,14,-52,'2024-09-23 05:39:10',1),(638,2,8,-83,'2024-09-23 05:39:10',1),(639,1,14,-53,'2024-09-23 05:39:11',1),(640,1,8,-67,'2024-09-23 05:39:11',1),(641,1,7,-88,'2024-09-23 05:39:11',1),(642,1,14,-48,'2024-09-23 05:39:12',1),(643,2,14,-53,'2024-09-23 05:39:12',1),(644,1,8,-66,'2024-09-23 05:39:12',1),(645,1,14,-48,'2024-09-23 05:39:13',1),(646,1,7,-83,'2024-09-23 05:39:13',1),(647,1,8,-78,'2024-09-23 05:39:13',1),(648,1,8,-70,'2024-09-23 05:39:15',1),(649,1,14,-54,'2024-09-23 05:39:17',1),(650,1,8,-74,'2024-09-23 05:39:17',1),(651,2,9,-86,'2024-09-23 05:39:17',1),(652,1,7,-89,'2024-09-23 05:39:19',1),(653,1,14,-47,'2024-09-23 05:39:21',1),(654,1,7,-84,'2024-09-23 05:39:21',1),(655,1,15,-94,'2024-09-23 05:39:21',1),(656,2,14,-50,'2024-09-23 05:39:23',1),(657,2,14,-55,'2024-09-23 05:39:25',1),(658,1,9,-92,'2024-09-23 05:39:27',1),(659,1,9,-95,'2024-09-23 05:39:29',1),(660,1,14,-44,'2024-09-23 05:39:30',1),(661,1,8,-66,'2024-09-23 05:39:30',1),(662,1,7,-75,'2024-09-23 05:39:30',1),(663,1,8,-70,'2024-09-23 05:39:32',1),(664,2,8,-69,'2024-09-23 05:39:32',1),(665,2,9,-89,'2024-09-23 05:39:32',1),(666,1,16,-93,'2024-09-23 05:39:34',1),(667,1,14,-55,'2024-09-23 05:39:34',1),(668,2,14,-66,'2024-09-23 05:39:34',1),(669,1,9,-82,'2024-09-23 05:39:39',1),(670,1,8,-55,'2024-09-23 05:39:43',1),(671,1,7,-78,'2024-09-23 05:39:43',1),(672,2,9,-87,'2024-09-23 05:39:43',1),(673,2,7,-88,'2024-09-23 05:39:45',1),(674,2,7,-84,'2024-09-23 05:39:47',1),(675,1,9,-78,'2024-09-23 05:39:50',1),(676,1,15,-69,'2024-09-23 05:39:54',1),(677,1,8,-78,'2024-09-23 05:39:54',1),(678,1,15,-70,'2024-09-23 05:39:56',1),(679,2,7,-85,'2024-09-23 05:39:59',1),(680,2,7,-92,'2024-09-23 05:40:01',1),(681,2,14,-53,'2024-09-23 05:40:01',1),(682,2,8,-80,'2024-09-23 05:40:01',1),(683,2,14,-49,'2024-09-23 05:40:02',1),(684,1,5,-71,'2024-09-23 05:40:04',1),(685,1,6,-65,'2024-09-23 05:40:07',1),(686,2,7,-79,'2024-09-23 05:41:59',1),(687,1,2,-80,'2024-09-23 05:41:59',1),(688,2,14,-50,'2024-09-23 05:42:01',1),(689,2,14,-48,'2024-09-23 05:42:14',1),(690,1,3,-77,'2024-09-23 05:42:16',1),(691,1,18,-90,'2024-09-23 05:42:21',1),(692,2,9,-87,'2024-09-23 05:42:23',1),(693,2,8,-75,'2024-09-23 05:42:25',1),(694,2,7,-81,'2024-09-23 05:42:27',1),(695,1,18,-92,'2024-09-23 05:42:30',1),(696,2,9,-89,'2024-09-23 05:42:30',1),(697,1,18,-88,'2024-09-23 05:42:32',1),(698,2,7,-82,'2024-09-23 05:42:36',1),(699,2,8,-69,'2024-09-23 05:42:40',1),(700,2,9,-90,'2024-09-23 05:42:47',1),(701,1,2,-90,'2024-09-23 05:42:49',1),(702,2,14,-52,'2024-09-23 05:42:51',1),(703,2,8,-69,'2024-09-23 05:42:51',1),(704,2,14,-48,'2024-09-23 05:42:53',1),(705,1,3,-78,'2024-09-23 05:42:55',1),(706,1,18,-87,'2024-09-23 05:42:59',1),(707,2,14,-53,'2024-09-23 05:43:04',1),(708,2,8,-74,'2024-09-23 05:43:04',1),(709,1,18,-86,'2024-09-23 05:43:10',1),(710,2,7,-94,'2024-09-23 05:43:13',1),(711,2,8,-80,'2024-09-23 05:43:17',1),(712,2,14,-54,'2024-09-23 05:43:17',1),(713,1,3,-75,'2024-09-23 05:43:19',1),(714,1,2,-88,'2024-09-23 05:43:22',1),(715,2,9,-86,'2024-09-23 05:43:26',1),(716,2,8,-73,'2024-09-23 05:43:30',1),(717,2,14,-54,'2024-09-23 05:43:30',1),(718,2,9,-92,'2024-09-23 05:43:36',1),(719,2,14,-50,'2024-09-23 05:43:41',1),(720,2,8,-71,'2024-09-23 05:43:41',1),(721,1,3,-75,'2024-09-23 05:43:43',1),(722,1,3,-69,'2024-09-23 05:43:45',1),(723,1,3,-84,'2024-09-23 05:43:47',1),(724,2,9,-88,'2024-09-23 05:43:51',1),(725,2,14,-56,'2024-09-23 05:43:52',1),(726,2,8,-73,'2024-09-23 05:43:52',1),(727,2,8,-70,'2024-09-23 05:43:54',1),(728,1,18,-86,'2024-09-23 05:44:00',1),(729,1,3,-83,'2024-09-23 05:44:02',1),(730,2,7,-93,'2024-09-23 05:44:03',1),(731,2,14,-52,'2024-09-23 05:44:05',1),(732,2,8,-87,'2024-09-23 05:44:08',1),(733,1,3,-77,'2024-09-23 05:44:11',1),(734,2,9,-90,'2024-09-23 05:44:13',1),(735,2,14,-49,'2024-09-23 05:44:17',1),(736,1,2,-95,'2024-09-23 05:44:17',1),(737,2,14,-56,'2024-09-23 05:44:19',1),(738,1,3,-78,'2024-09-23 05:44:22',1),(739,1,18,-87,'2024-09-23 05:44:24',1),(740,2,9,-91,'2024-09-23 05:44:26',1),(741,2,14,-51,'2024-09-23 05:44:29',1),(742,1,5,-90,'2024-09-23 05:44:30',1),(743,1,18,-83,'2024-09-23 05:44:30',1),(744,2,7,-86,'2024-09-23 05:44:39',1),(745,2,7,-89,'2024-09-23 05:44:41',1),(746,2,8,-71,'2024-09-23 05:44:43',1),(747,1,3,-63,'2024-09-23 05:44:44',1),(748,2,8,-71,'2024-09-23 05:44:54',1),(749,2,7,-83,'2024-09-23 05:44:54',1),(750,2,14,-51,'2024-09-23 05:44:56',1),(751,2,8,-68,'2024-09-23 05:44:56',1),(752,1,1,-94,'2024-09-23 05:44:57',1),(753,1,3,-69,'2024-09-23 05:44:57',1),(754,1,17,-92,'2024-09-23 05:44:59',1),(755,1,18,-79,'2024-09-23 05:45:01',1),(756,1,2,-75,'2024-09-23 05:45:03',1),(757,2,7,-82,'2024-09-23 05:45:05',1),(758,1,3,-62,'2024-09-23 05:45:06',1),(759,1,4,-88,'2024-09-23 05:45:07',1),(760,2,14,-51,'2024-09-23 05:45:07',1),(761,2,8,-67,'2024-09-23 05:45:07',1),(762,2,7,-86,'2024-09-23 05:45:07',1),(763,1,3,-65,'2024-09-23 05:45:08',1),(764,1,1,-88,'2024-09-23 05:45:10',1),(765,1,17,-77,'2024-09-23 05:45:10',1),(766,1,3,-57,'2024-09-23 05:45:10',1),(767,1,18,-68,'2024-09-23 05:45:12',1),(768,1,17,-76,'2024-09-23 05:45:12',1),(769,1,1,-80,'2024-09-23 05:45:12',1),(770,1,2,-80,'2024-09-23 05:45:14',1),(771,1,2,-77,'2024-09-23 05:45:16',1),(772,2,15,-92,'2024-09-23 05:45:18',1),(773,2,9,-86,'2024-09-23 05:45:18',1),(774,2,7,-80,'2024-09-23 05:45:18',1),(775,2,8,-70,'2024-09-23 05:45:20',1),(776,1,3,-79,'2024-09-23 05:45:22',1),(777,1,4,-92,'2024-09-23 05:45:22',1),(778,2,14,-49,'2024-09-23 05:45:22',1),(779,1,18,-61,'2024-09-23 05:45:23',1),(780,1,17,-72,'2024-09-23 05:45:25',1),(781,1,1,-85,'2024-09-23 05:45:25',1),(782,1,2,-71,'2024-09-23 05:45:27',1),(783,2,9,-89,'2024-09-23 05:45:28',1),(784,2,7,-82,'2024-09-23 05:45:29',1),(785,2,7,-89,'2024-09-23 05:46:57',1);
/*!40000 ALTER TABLE `current_rssi_measurements` ENABLE KEYS */;
UNLOCK TABLES;

--
-- Table structure for table `estimated_locations`
--

DROP TABLE IF EXISTS `estimated_locations`;
/*!40101 SET @saved_cs_client     = @@character_set_client */;
/*!50503 SET character_set_client = utf8mb4 */;
CREATE TABLE `estimated_locations` (
  `scanner_id` int NOT NULL,
  `floor` int NOT NULL,
  `zone` varchar(255) DEFAULT NULL,
  `timestamp` timestamp NULL DEFAULT CURRENT_TIMESTAMP ON UPDATE CURRENT_TIMESTAMP,
  `send_flag` tinyint DEFAULT '0',
  KEY `scanner_id` (`scanner_id`),
  CONSTRAINT `estimated_locations_ibfk_1` FOREIGN KEY (`scanner_id`) REFERENCES `beacon_scanners` (`id`)
) ENGINE=InnoDB DEFAULT CHARSET=utf8mb4 COLLATE=utf8mb4_0900_ai_ci;
/*!40101 SET character_set_client = @saved_cs_client */;

--
-- Dumping data for table `estimated_locations`
--

LOCK TABLES `estimated_locations` WRITE;
/*!40000 ALTER TABLE `estimated_locations` DISABLE KEYS */;
INSERT INTO `estimated_locations` VALUES (1,1,'B_2','2024-09-21 16:22:22',1),(1,1,'B_2','2024-09-21 16:22:22',1),(1,1,'B_2','2024-09-21 16:22:17',1),(1,1,'B_2','2024-09-21 16:22:12',1),(1,1,'B_2','2024-09-21 16:22:07',1),(1,1,'B_2','2024-09-21 16:22:02',1),(1,1,'B_2','2024-09-21 16:21:57',1),(1,1,'B_2','2024-09-21 16:21:52',1),(1,1,'B_2','2024-09-21 16:21:47',1),(1,1,'B_2','2024-09-21 16:21:42',1),(1,1,'B_2','2024-09-21 16:18:57',1),(1,1,'B_2','2024-09-21 16:20:42',1),(1,1,'B_2','2024-09-21 16:20:37',1),(1,1,'B_2','2024-09-21 16:19:02',1),(1,1,'B_2','2024-09-21 16:19:12',1),(1,1,'B_2','2024-09-21 16:19:07',1),(1,1,'B_2','2024-09-21 16:19:42',1),(1,1,'B_2','2024-09-21 16:19:27',1),(1,1,'B_2','2024-09-21 16:19:17',1),(1,1,'B_2','2024-09-21 16:19:22',1),(1,1,'B_2','2024-09-21 16:19:37',1),(1,1,'B_2','2024-09-21 16:19:32',1),(1,1,'B_2','2024-09-21 16:19:52',1),(1,1,'B_2','2024-09-21 16:19:47',1),(1,1,'B_2','2024-09-21 16:19:57',1),(1,1,'B_2','2024-09-21 16:20:32',1),(1,1,'B_2','2024-09-21 16:20:02',1),(1,1,'B_2','2024-09-21 16:20:07',1),(1,1,'B_2','2024-09-21 16:20:17',1),(1,1,'B_2','2024-09-21 16:20:12',1),(1,1,'B_2','2024-09-21 16:20:22',1),(1,1,'B_2','2024-09-21 16:20:27',1),(1,1,'B_2','2024-09-21 16:20:47',1),(1,1,'B_2','2024-09-21 16:21:37',1),(1,1,'B_2','2024-09-21 16:21:02',1),(1,1,'B_2','2024-09-21 16:20:52',1),(1,1,'B_2','2024-09-21 16:20:57',1),(1,1,'B_2','2024-09-21 16:21:32',1),(1,1,'B_2','2024-09-21 16:21:12',1),(1,1,'B_2','2024-09-21 16:21:07',1),(1,1,'B_2','2024-09-21 16:21:27',1),(1,1,'B_2','2024-09-21 16:21:17',1),(1,1,'B_2','2024-09-21 16:21:22',1),(1,1,'B_2','2024-09-21 16:27:27',1),(1,1,'B_2','2024-09-21 16:27:07',1),(1,1,'B_2','2024-09-21 16:27:02',1),(1,1,'B_2','2024-09-21 16:26:42',1),(1,1,'B_2','2024-09-21 16:26:57',1),(1,1,'B_2','2024-09-21 16:26:47',1),(1,1,'B_2','2024-09-21 16:26:52',1),(1,1,'B_2','2024-09-21 16:27:22',1),(1,1,'B_2','2024-09-21 16:27:12',1),(1,1,'B_2','2024-09-21 16:27:17',1),(1,1,'B_2','2024-09-21 16:27:37',1),(1,1,'B_2','2024-09-21 16:27:32',1),(1,1,'B_2','2024-09-21 16:27:42',1),(1,1,'B_2','2024-09-21 16:28:02',1),(1,1,'B_2','2024-09-21 16:27:57',1),(1,1,'B_2','2024-09-21 16:28:17',1),(1,1,'B_2','2024-09-21 16:28:12',1),(1,1,'B_2','2024-09-21 16:28:32',1),(1,1,'B_2','2024-09-21 16:28:22',1),(1,1,'B_2','2024-09-21 16:28:27',1),(1,1,'B_2','2024-09-21 16:41:29',1),(1,1,'B_2','2024-09-21 16:41:44',1),(1,1,'B_2','2024-09-21 16:41:34',1),(1,1,'B_2','2024-09-21 16:41:39',1),(1,1,'B_2','2024-09-21 16:41:49',1),(1,1,'B_2','2024-09-21 16:42:04',1),(1,1,'B_2','2024-09-21 16:42:14',1),(1,1,'B_2','2024-09-21 16:42:24',1),(1,1,'B_2','2024-09-21 16:42:34',1),(1,1,'B_2','2024-09-21 16:42:29',1),(1,1,'B_2','2024-09-21 16:42:44',1),(1,1,'B_2','2024-09-21 16:43:09',1),(1,1,'B_2','2024-09-21 16:43:04',1),(1,1,'B_2','2024-09-21 16:43:19',1),(1,1,'D_2','2024-09-21 17:06:08',1),(1,1,'D_2','2024-09-21 17:06:08',1),(1,1,'D_2','2024-09-21 17:06:08',1),(1,1,'D_2','2024-09-21 17:06:33',1),(1,1,'D_2','2024-09-21 17:06:13',1),(1,1,'D_2','2024-09-21 17:06:28',1),(1,1,'D_2','2024-09-21 17:06:18',1),(1,1,'D_2','2024-09-21 17:06:23',1),(1,1,'B_1','2024-09-21 17:06:38',1),(1,1,'B_1','2024-09-21 17:06:53',1),(1,1,'A_2','2024-09-21 17:07:12',1),(1,1,'A_2','2024-09-21 17:07:04',1),(1,1,'A_2','2024-09-21 17:07:27',1),(1,1,'A_2','2024-09-21 17:07:22',1),(1,1,'A_2','2024-09-21 17:07:32',1),(1,1,'B_1','2024-09-21 17:08:12',1),(1,1,'B_1','2024-09-21 17:08:27',1),(1,1,'B_1','2024-09-21 17:08:52',1),(1,1,'D_2','2024-09-21 17:09:22',1),(1,1,'D_2','2024-09-21 17:09:17',1),(1,1,'D_2','2024-09-21 17:09:27',1),(1,1,'D_2','2024-09-21 17:09:42',1),(1,1,'D_2','2024-09-21 17:09:52',1),(1,1,'D_2','2024-09-21 17:10:07',1),(1,1,'D_2','2024-09-21 17:10:12',1),(2,1,'D_2','2024-09-21 17:10:27',1),(2,1,'D_2','2024-09-21 17:10:32',1),(1,1,'D_2','2024-09-21 17:10:32',1),(1,1,'D_2','2024-09-21 17:10:32',1),(2,1,'D_2','2024-09-21 17:10:42',1),(2,1,'D_2','2024-09-21 17:10:37',1),(1,1,'D_2','2024-09-21 17:10:42',1),(1,1,'D_2','2024-09-21 17:10:47',1),(2,1,'D_2','2024-09-21 17:10:52',1),(2,1,'D_2','2024-09-21 17:10:57',1),(1,1,'D_2','2024-09-21 17:11:07',1),(1,1,'D_2','2024-09-21 17:11:12',1),(2,1,'D_2','2024-09-21 17:11:12',1),(2,1,'D_2','2024-09-21 17:11:17',1),(1,1,'D_2','2024-09-21 17:11:27',1),(2,1,'D_2','2024-09-21 17:11:32',1),(1,1,'D_2','2024-09-21 17:11:37',1),(1,1,'D_2','2024-09-21 17:11:47',1),(2,1,'D_2','2024-09-21 17:11:47',1),(2,1,'D_2','2024-09-21 17:11:57',1),(2,1,'D_2','2024-09-21 17:11:52',1),(1,1,'D_2','2024-09-21 17:11:57',1),(1,1,'D_2','2024-09-21 17:12:02',1),(2,1,'D_2','2024-09-21 17:12:17',1),(1,1,'D_2','2024-09-21 17:12:17',1),(2,1,'D_2','2024-09-21 17:12:12',1),(1,1,'D_2','2024-09-21 17:12:12',1),(1,1,'D_2','2024-09-21 17:12:27',1),(2,1,'D_2','2024-09-21 17:12:32',1),(2,1,'D_2','2024-09-21 17:12:27',1),(1,1,'D_2','2024-09-21 17:12:37',1),(2,1,'D_2','2024-09-21 17:12:52',1),(1,1,'D_2','2024-09-21 17:13:07',1),(2,1,'D_2','2024-09-21 17:12:47',1),(1,1,'D_2','2024-09-21 17:12:47',1),(1,1,'D_2','2024-09-21 17:12:52',1),(1,1,'D_2','2024-09-21 17:12:57',1),(1,1,'D_2','2024-09-21 17:13:02',1),(2,1,'D_2','2024-09-21 17:13:02',1),(1,1,'D_2','2024-09-21 17:15:02',1),(1,1,'D_2','2024-09-21 17:15:02',1),(1,1,'D_2','2024-09-21 17:14:22',1),(1,1,'D_2','2024-09-21 17:14:32',1),(1,1,'D_2','2024-09-21 17:14:27',1),(2,1,'D_2','2024-09-21 17:15:07',1),(2,1,'D_2','2024-09-21 17:14:32',1),(1,1,'D_2','2024-09-21 17:14:57',1),(1,1,'D_2','2024-09-21 17:14:37',1),(2,1,'B_1','2024-09-21 17:14:37',1),(2,1,'A_2','2024-09-21 17:14:37',1),(2,1,'A_2','2024-09-21 17:14:47',1),(1,1,'D_2','2024-09-21 17:14:42',1),(2,1,'A_2','2024-09-21 17:14:42',1),(1,1,'D_2','2024-09-21 17:14:47',1),(2,1,'B_1','2024-09-21 17:14:52',1),(1,1,'D_2','2024-09-21 17:14:52',1),(2,1,'A_2','2024-09-21 17:15:02',1),(2,1,'A_2','2024-09-21 17:14:57',1),(2,1,'A_2','2024-09-21 17:19:23',1),(2,1,'A_2','2024-09-21 17:15:12',1),(1,1,'D_2','2024-09-21 17:15:12',1),(2,1,'A_2','2024-09-21 17:15:22',1),(2,1,'A_2','2024-09-21 17:15:17',1),(2,1,'B_1','2024-09-21 17:19:03',1),(2,1,'B_1','2024-09-21 17:16:15',1),(1,1,'D_2','2024-09-21 17:16:15',1),(1,1,'D_2','2024-09-21 17:16:10',1),(2,1,'B_1','2024-09-21 17:15:42',1),(1,1,'D_2','2024-09-21 17:15:37',1),(2,1,'B_1','2024-09-21 17:15:37',1),(1,1,'D_2','2024-09-21 17:16:05',1),(1,1,'D_2','2024-09-21 17:15:47',1),(1,1,'D_2','2024-09-21 17:15:42',1),(2,1,'B_1','2024-09-21 17:15:47',1),(2,1,'B_1','2024-09-21 17:18:58',1),(2,1,'A_2','2024-09-21 17:18:53',1),(2,1,'A_2','2024-09-21 17:16:00',1),(1,1,'B_1','2024-09-21 17:16:00',1),(2,1,'A_2','2024-09-21 17:15:55',1),(1,1,'B_1','2024-09-21 17:15:55',1),(2,1,'B_1','2024-09-21 17:16:05',1),(2,1,'A_2','2024-09-21 17:16:20',1),(2,1,'B_1','2024-09-21 17:16:15',1),(2,1,'B_1','2024-09-21 17:16:10',1),(1,1,'B_1','2024-09-21 17:16:20',1),(2,1,'B_1','2024-09-21 17:17:33',1),(2,1,'B_1','2024-09-21 17:16:25',1),(2,1,'B_1','2024-09-21 17:16:40',1),(1,1,'B_1','2024-09-21 17:16:40',1),(2,1,'B_1','2024-09-21 17:16:35',1),(1,1,'B_1','2024-09-21 17:16:30',1),(2,1,'B_1','2024-09-21 17:16:30',1),(1,1,'B_1','2024-09-21 17:16:35',1),(1,1,'B_1','2024-09-21 17:16:40',1),(2,1,'A_2','2024-09-21 17:16:50',1),(1,1,'B_1','2024-09-21 17:16:50',1),(2,1,'B_1','2024-09-21 17:17:13',1),(2,1,'A_2','2024-09-21 17:16:58',1),(1,1,'B_1','2024-09-21 17:16:45',1),(2,1,'B_1','2024-09-21 17:16:45',1),(2,1,'A_2','2024-09-21 17:16:50',1),(1,1,'B_1','2024-09-21 17:16:58',1),(2,1,'A_2','2024-09-21 17:17:03',1),(1,1,'B_1','2024-09-21 17:17:03',1),(2,1,'A_2','2024-09-21 17:17:03',1),(2,1,'A_2','2024-09-21 17:17:08',1),(1,1,'B_1','2024-09-21 17:17:08',1),(1,1,'D_2','2024-09-21 17:17:18',1),(2,1,'A_2','2024-09-21 17:17:18',1),(1,1,'B_1','2024-09-21 17:17:23',1),(2,1,'A_2','2024-09-21 17:17:23',1),(2,1,'A_2','2024-09-21 17:17:23',1),(2,1,'B_1','2024-09-21 17:17:28',1),(1,1,'D_2','2024-09-21 17:17:28',1),(1,1,'B_1','2024-09-21 17:17:33',1),(1,1,'D_2','2024-09-21 17:17:38',1),(2,1,'B_1','2024-09-21 17:17:53',1),(2,1,'A_2','2024-09-21 17:17:38',1),(2,1,'B_1','2024-09-21 17:17:48',1),(2,1,'B_1','2024-09-21 17:17:43',1),(1,1,'B_1','2024-09-21 17:17:43',1),(2,1,'B_1','2024-09-21 17:17:43',1),(1,1,'D_2','2024-09-21 17:17:48',1),(2,1,'B_1','2024-09-21 17:18:48',1),(2,1,'B_1','2024-09-21 17:17:58',1),(2,1,'B_1','2024-09-21 17:18:08',1),(1,1,'D_2','2024-09-21 17:18:08',1),(2,1,'B_1','2024-09-21 17:18:03',1),(1,1,'D_2','2024-09-21 17:18:03',1),(1,1,'D_2','2024-09-21 17:18:08',1),(2,1,'B_1','2024-09-21 17:18:43',1),(2,1,'A_2','2024-09-21 17:18:13',1),(2,1,'B_1','2024-09-21 17:18:28',1),(2,1,'A_2','2024-09-21 17:18:23',1),(2,1,'B_1','2024-09-21 17:18:18',1),(1,1,'D_2','2024-09-21 17:18:23',1),(2,1,'A_2','2024-09-21 17:18:33',1),(2,1,'B_1','2024-09-21 17:18:38',1),(1,1,'D_2','2024-09-21 17:19:43',1),(2,1,'A_2','2024-09-21 17:19:08',1),(1,1,'B_1','2024-09-21 17:19:08',1),(2,1,'B_1','2024-09-21 17:19:13',1),(1,1,'A_2','2024-09-21 17:19:13',1),(2,1,'A_2','2024-09-21 17:19:18',1),(1,1,'D_2','2024-09-21 17:19:23',1),(1,1,'D_2','2024-09-21 17:19:18',1),(2,1,'B_1','2024-09-21 17:20:23',1),(1,1,'D_2','2024-09-21 17:19:38',1),(2,1,'A_2','2024-09-21 17:20:18',1),(2,1,'B_1','2024-09-21 17:19:28',1),(1,1,'D_2','2024-09-21 17:19:28',1),(2,1,'A_2','2024-09-21 17:19:43',1),(2,1,'A_2','2024-09-21 17:19:38',1),(1,1,'D_2','2024-09-21 17:19:33',1),(2,1,'A_2','2024-09-21 17:19:33',1),(1,1,'D_2','2024-09-21 17:19:48',1),(2,1,'A_2','2024-09-21 17:20:13',1),(2,1,'A_2','2024-09-21 17:19:48',1),(2,1,'A_2','2024-09-21 17:20:03',1),(1,1,'D_2','2024-09-21 17:19:58',1),(2,1,'A_2','2024-09-21 17:19:58',1),(2,1,'A_2','2024-09-21 17:19:53',1),(1,1,'D_2','2024-09-21 17:19:53',1),(1,1,'B_1','2024-09-21 17:20:08',1),(1,1,'B_1','2024-09-21 17:19:58',1),(1,1,'B_1','2024-09-21 17:20:03',1),(2,1,'A_2','2024-09-21 17:20:08',1),(3,1,'A_2','2024-09-21 17:28:08',1),(3,1,'A_2','2024-09-21 17:28:08',1),(3,1,'A_2','2024-09-21 17:29:23',1),(3,1,'A_2','2024-09-21 17:29:03',1),(3,1,'A_2','2024-09-21 17:28:13',1),(3,1,'B_1','2024-09-21 17:28:43',1),(3,1,'D_2','2024-09-21 17:28:38',1),(3,1,'D_2','2024-09-21 17:28:23',1),(3,1,'D_2','2024-09-21 17:28:18',1),(3,1,'D_2','2024-09-21 17:28:33',1),(3,1,'D_2','2024-09-21 17:28:28',1),(1,1,'A_2','2024-09-21 17:28:53',1),(1,1,'A_2','2024-09-21 17:28:53',1),(1,1,'A_2','2024-09-21 17:28:48',1),(1,1,'A_2','2024-09-21 17:28:43',1),(3,1,'B_1','2024-09-21 17:28:58',1),(3,1,'B_1','2024-09-21 17:28:48',1),(3,1,'B_1','2024-09-21 17:28:53',1),(1,1,'A_2','2024-09-21 17:28:58',1),(3,1,'B_1','2024-09-21 17:29:18',1),(3,1,'B_1','2024-09-21 17:29:13',1),(3,1,'B_1','2024-09-21 17:29:08',1),(2,1,'A_2','2024-09-21 17:29:13',1),(1,1,'A_2','2024-09-21 17:29:28',1),(1,1,'A_2','2024-09-21 17:29:23',1),(2,1,'A_2','2024-09-21 17:29:28',1),(2,1,'B_1','2024-09-21 17:29:43',1),(2,1,'B_1','2024-09-21 17:29:33',1),(1,1,'A_2','2024-09-21 17:29:33',1),(2,1,'A_2','2024-09-21 17:29:38',1),(1,1,'B_1','2024-09-21 17:29:38',1),(1,1,'B_1','2024-09-21 17:31:13',1),(1,1,'B_1','2024-09-21 17:29:58',1),(2,1,'D_2','2024-09-21 17:29:48',1),(1,1,'D_2','2024-09-21 17:29:48',1),(1,1,'D_2','2024-09-21 17:29:53',1),(2,1,'D_2','2024-09-21 17:29:53',1),(2,1,'A_2','2024-09-21 17:29:53',1),(2,1,'A_2','2024-09-21 17:29:58',1),(1,1,'D_2','2024-09-21 17:30:08',1),(1,1,'D_2','2024-09-21 17:30:03',1),(2,1,'D_2','2024-09-21 17:30:13',1),(1,1,'D_2','2024-09-21 17:30:18',1),(1,1,'A_2','2024-09-21 17:30:13',1),(2,1,'A_2','2024-09-21 17:30:18',1),(1,1,'A_2','2024-09-21 17:30:23',1),(2,1,'A_2','2024-09-21 17:30:23',1),(1,1,'A_2','2024-09-21 17:30:58',1),(2,1,'D_2','2024-09-21 17:30:38',1),(1,1,'A_2','2024-09-21 17:30:33',1),(2,1,'D_2','2024-09-21 17:30:28',1),(1,1,'A_2','2024-09-21 17:30:28',1),(2,1,'A_2','2024-09-21 17:30:33',1),(1,1,'A_2','2024-09-21 17:30:38',1),(1,1,'A_2','2024-09-21 17:30:43',1),(2,1,'D_2','2024-09-21 17:30:43',1),(2,1,'D_2','2024-09-21 18:30:42',1),(2,1,'A_2','2024-09-21 17:30:48',1),(1,1,'A_2','2024-09-21 17:30:48',1),(2,1,'A_2','2024-09-21 18:30:37',1),(1,1,'A_2','2024-09-21 17:30:53',1),(2,1,'A_2','2024-09-21 17:30:53',1),(2,1,'A_2','2024-09-21 17:30:58',1),(2,1,'A_2','2024-09-21 17:31:03',1),(1,1,'A_2','2024-09-21 17:31:03',1),(1,1,'D_2','2024-09-21 17:31:08',1),(2,1,'A_2','2024-09-21 17:31:08',1),(2,1,'A_2','2024-09-21 17:31:13',1),(1,1,'A_2','2024-09-21 17:31:18',1),(2,1,'B_1','2024-09-21 17:31:18',1),(2,1,'B_1','2024-09-21 18:30:32',1),(1,1,'A_2','2024-09-21 17:31:23',1),(2,1,'B_1','2024-09-21 17:31:23',1),(2,1,'B_1','2024-09-21 17:31:28',1),(2,1,'B_1','2024-09-21 17:31:33',1),(1,1,'B_1','2024-09-21 17:31:33',1),(1,1,'A_2','2024-09-21 17:31:43',1),(1,1,'A_2','2024-09-21 17:31:38',1),(2,1,'B_1','2024-09-21 17:31:38',1),(2,1,'B_1','2024-09-21 18:30:27',1),(2,1,'B_1','2024-09-21 17:32:13',1),(2,1,'B_1','2024-09-21 17:31:43',1),(1,1,'A_2','2024-09-21 17:31:48',1),(2,1,'B_1','2024-09-21 17:31:48',1),(2,1,'A_2','2024-09-21 17:31:53',1),(1,1,'D_2','2024-09-21 17:31:53',1),(2,1,'A_2','2024-09-21 17:32:08',1),(2,1,'A_2','2024-09-21 17:31:58',1),(1,1,'D_2','2024-09-21 17:31:58',1),(2,1,'A_2','2024-09-21 17:32:03',1),(1,1,'D_2','2024-09-21 17:32:08',1),(1,1,'B_1','2024-09-21 17:32:13',1),(2,1,'D_2','2024-09-21 17:32:18',1),(2,1,'D_2','2024-09-21 17:32:23',1),(2,1,'D_2','2024-09-21 17:32:28',1),(1,1,'B_1','2024-09-21 17:32:28',1),(1,1,'B_1','2024-09-21 18:31:27',1),(1,1,'B_1','2024-09-21 17:32:28',1),(1,1,'B_1','2024-09-21 17:32:33',1),(2,1,'D_2','2024-09-21 17:32:33',1),(1,1,'B_1','2024-09-21 18:31:22',1),(2,1,'D_2','2024-09-21 17:32:38',1),(1,1,'B_1','2024-09-21 17:32:38',1),(2,1,'D_2','2024-09-21 18:30:22',1),(1,1,'D_2','2024-09-21 18:31:17',1),(1,1,'A_2','2024-09-21 18:31:07',1),(1,1,'A_2','2024-09-21 18:31:07',1),(1,1,'A_2','2024-09-21 18:31:02',1),(1,1,'A_2','2024-09-21 18:30:52',1),(1,1,'A_2','2024-09-21 18:30:47',1),(1,1,'A_2','2024-09-21 18:30:42',1),(1,1,'A_2','2024-09-21 18:30:37',1),(1,1,'A_2','2024-09-21 18:30:27',1),(1,1,'A_2','2024-09-21 18:30:22',1),(1,1,'A_2','2024-09-21 18:30:32',1),(1,1,'A_2','2024-09-21 18:30:57',1),(1,1,'A_2','2024-09-21 18:31:12',1),(1,1,'A_2','2024-09-21 18:31:37',1),(1,1,'A_2','2024-09-21 18:31:47',1),(1,1,'A_2','2024-09-21 18:31:52',1),(1,1,'A_2','2024-09-21 18:32:12',1),(1,1,'A_2','2024-09-21 18:32:32',1),(1,1,'A_2','2024-09-21 18:32:27',1),(1,1,'A_2','2024-09-21 18:32:47',1),(1,1,'A_2','2024-09-21 18:32:42',1),(1,1,'A_2','2024-09-21 18:32:52',1),(1,1,'A_2','2024-09-21 18:33:07',1),(2,1,'E_2','2024-09-23 05:37:03',1),(2,1,'E_2','2024-09-23 05:37:23',1),(2,1,'E_2','2024-09-23 05:37:23',1),(2,1,'E_2','2024-09-23 05:37:08',1),(2,1,'E_1','2024-09-23 05:37:13',1),(2,1,'E_1','2024-09-23 05:37:18',1),(2,1,'E_2','2024-09-23 05:37:18',1),(2,1,'E_1','2024-09-23 05:37:28',1),(2,1,'E_2','2024-09-23 05:40:48',1),(2,1,'E_2','2024-09-23 05:40:43',1),(2,1,'E_2','2024-09-23 05:37:33',1),(2,1,'E_1','2024-09-23 05:37:38',1),(2,1,'E_2','2024-09-23 05:38:03',1),(2,1,'E_1','2024-09-23 05:37:43',1),(2,1,'E_2','2024-09-23 05:37:43',1),(2,1,'E_2','2024-09-23 05:37:48',1),(2,1,'E_2','2024-09-23 05:37:53',1),(2,1,'E_2','2024-09-23 05:37:53',1),(2,1,'E_2','2024-09-23 05:37:58',1),(2,1,'E_2','2024-09-23 05:40:38',1),(2,1,'E_2','2024-09-23 05:40:33',1),(2,1,'E_2','2024-09-23 05:38:08',1),(2,1,'E_3','2024-09-23 05:38:08',1),(2,1,'E_3','2024-09-23 05:38:13',1),(2,1,'E_3','2024-09-23 05:38:18',1),(2,1,'E_2','2024-09-23 05:40:28',1),(2,1,'E_2','2024-09-23 05:40:28',1),(2,1,'E_2','2024-09-23 05:38:23',1),(2,1,'E_2','2024-09-23 05:38:28',1),(2,1,'E_2','2024-09-23 05:38:38',1),(2,1,'E_2','2024-09-23 05:38:33',1),(2,1,'E_2','2024-09-23 05:38:43',1),(2,1,'E_2','2024-09-23 05:38:43',1),(2,1,'E_2','2024-09-23 05:40:23',1),(2,1,'E_2','2024-09-23 05:40:23',1),(2,1,'E_2','2024-09-23 05:40:23',1),(2,1,'E_2','2024-09-23 05:38:48',1),(2,1,'E_2','2024-09-23 05:38:48',1),(2,1,'E_2','2024-09-23 05:39:53',1),(2,1,'E_2','2024-09-23 05:38:53',1),(2,1,'E_3','2024-09-23 05:39:28',1),(2,1,'E_3','2024-09-23 05:39:28',1),(2,1,'E_1','2024-09-23 05:39:03',1),(2,1,'E_2','2024-09-23 05:39:03',1),(2,1,'E_2','2024-09-23 05:39:03',1),(2,1,'E_2','2024-09-23 05:38:58',1),(2,1,'E_1','2024-09-23 05:39:18',1),(2,1,'E_3','2024-09-23 05:39:08',1),(2,1,'E_3','2024-09-23 05:39:13',1),(2,1,'E_1','2024-09-23 05:39:13',1),(1,1,'E_2','2024-09-23 05:40:43',1),(1,1,'E_2','2024-09-23 05:40:43',1),(1,1,'E_3','2024-09-23 05:39:13',1),(2,1,'E_1','2024-09-23 05:39:13',1),(1,1,'E_2','2024-09-23 05:39:13',1),(1,1,'E_3','2024-09-23 05:39:18',1),(1,1,'E_2','2024-09-23 05:39:18',1),(1,1,'E_2','2024-09-23 05:39:18',1),(1,1,'E_2','2024-09-23 05:40:38',1),(1,1,'E_2','2024-09-23 05:39:23',1),(1,1,'E_2','2024-09-23 05:39:23',1),(2,1,'E_1','2024-09-23 05:39:23',1),(1,1,'E_2','2024-09-23 05:40:33',1),(1,1,'E_3','2024-09-23 05:39:28',1),(1,1,'E_3','2024-09-23 05:39:28',1),(1,1,'E_2','2024-09-23 05:39:28',1),(2,1,'E_1','2024-09-23 05:39:38',1),(2,1,'E_1','2024-09-23 05:39:33',1),(1,1,'E_3','2024-09-23 05:40:28',1),(1,1,'E_1','2024-09-23 05:39:33',1),(1,1,'E_1','2024-09-23 05:39:38',1),(1,1,'E_1','2024-09-23 05:39:38',1),(1,1,'E_1','2024-09-23 05:39:38',1),(2,1,'E_1','2024-09-23 05:39:43',1),(1,1,'E_2','2024-09-23 05:39:43',1),(2,1,'E_1','2024-09-23 05:39:43',1),(1,1,'E_2','2024-09-23 05:39:48',1),(2,1,'E_1','2024-09-23 05:39:48',1),(1,1,'E_2','2024-09-23 05:39:48',1),(1,1,'B_1','2024-09-23 05:40:23',1),(1,1,'B_1','2024-09-23 05:39:53',1),(1,1,'B_1','2024-09-23 05:39:53',1),(2,1,'E_1','2024-09-23 05:39:53',1),(2,1,'E_1','2024-09-23 05:40:03',1),(2,1,'E_1','2024-09-23 05:39:58',1),(1,1,'E_1','2024-09-23 05:39:58',1),(1,1,'E_2','2024-09-23 05:40:03',1),(1,1,'E_1','2024-09-23 05:40:03',1),(1,1,'D_2','2024-09-23 05:40:08',1),(2,1,'E_3','2024-09-23 05:40:18',1),(2,1,'E_3','2024-09-23 05:40:08',1),(2,1,'E_2','2024-09-23 05:40:08',1),(2,1,'E_2','2024-09-23 05:40:08',1),(2,1,'E_3','2024-09-23 05:40:13',1),(1,1,'D_2','2024-09-23 05:40:13',1),(1,1,'D_2','2024-09-23 05:40:18',1),(2,1,'E_3','2024-09-23 05:42:08',1),(1,1,'B_1','2024-09-23 05:42:03',1),(2,1,'B_1','2024-09-23 05:42:03',1),(2,1,'B_1','2024-09-23 05:42:18',1),(1,1,'B_1','2024-09-23 05:42:18',1),(1,1,'B_1','2024-09-23 05:42:23',1),(2,1,'E_1','2024-09-23 05:43:13',1),(2,1,'E_1','2024-09-23 05:43:03',1),(2,1,'E_1','2024-09-23 05:42:28',1),(1,1,'B_1','2024-09-23 05:42:38',1),(2,1,'E_1','2024-09-23 05:42:33',1),(1,1,'B_1','2024-09-23 05:42:33',1),(2,1,'E_1','2024-09-23 05:42:38',1),(2,1,'E_2','2024-09-23 05:42:43',1),(2,1,'E_1','2024-09-23 05:42:48',1),(1,1,'B_1','2024-09-23 05:42:53',1),(2,1,'E_2','2024-09-23 05:42:58',1),(2,1,'E_1','2024-09-23 05:42:58',1),(2,1,'E_2','2024-09-23 05:42:53',1),(1,1,'B_1','2024-09-23 05:42:58',1),(1,1,'B_1','2024-09-23 05:43:03',1),(2,1,'E_1','2024-09-23 05:43:08',1),(2,1,'E_2','2024-09-23 05:43:08',1),(1,1,'B_1','2024-09-23 05:43:13',1),(2,1,'E_2','2024-09-23 05:43:23',1),(2,1,'E_2','2024-09-23 05:43:18',1),(2,1,'E_2','2024-09-23 05:43:18',1),(1,1,'B_1','2024-09-23 05:43:28',1),(1,1,'B_1','2024-09-23 05:43:23',1),(2,1,'E_2','2024-09-23 05:43:28',1),(2,1,'E_2','2024-09-23 05:43:33',1),(2,1,'E_2','2024-09-23 05:43:33',1),(2,1,'E_1','2024-09-23 05:43:38',1),(2,1,'E_2','2024-09-23 05:43:43',1),(2,1,'E_1','2024-09-23 05:43:43',1),(1,1,'B_1','2024-09-23 05:43:43',1),(1,1,'B_2','2024-09-23 05:43:53',1),(1,1,'B_2','2024-09-23 05:43:48',1),(2,1,'E_1','2024-09-23 05:44:03',1),(2,1,'E_2','2024-09-23 05:43:53',1),(2,1,'E_1','2024-09-23 05:43:53',1),(2,1,'E_2','2024-09-23 05:43:58',1),(1,1,'B_2','2024-09-23 05:44:08',1),(1,1,'B_2','2024-09-23 05:44:03',1),(2,1,'E_2','2024-09-23 05:45:48',1),(2,1,'E_2','2024-09-23 05:44:13',1),(2,1,'E_2','2024-09-23 05:44:08',1),(1,1,'B_2','2024-09-23 05:44:13',1),(2,1,'E_2','2024-09-23 05:44:38',1),(2,1,'E_1','2024-09-23 05:44:18',1),(1,1,'A_2','2024-09-23 05:44:18',1),(2,1,'E_1','2024-09-23 05:44:23',1),(1,1,'A_2','2024-09-23 05:44:23',1),(1,1,'A_2','2024-09-23 05:44:28',1),(2,1,'E_1','2024-09-23 05:44:28',1),(2,1,'E_1','2024-09-23 05:44:33',1),(1,1,'C_2','2024-09-23 05:44:33',1),(1,1,'C_2','2024-09-23 05:44:33',1),(2,1,'E_1','2024-09-23 05:44:53',1),(2,1,'E_3','2024-09-23 05:44:48',1),(2,1,'E_3','2024-09-23 05:44:43',1),(1,1,'C_2','2024-09-23 05:44:48',1),(2,1,'E_2','2024-09-23 05:45:18',1),(2,1,'E_2','2024-09-23 05:45:03',1),(2,1,'E_2','2024-09-23 05:44:58',1),(2,1,'E_2','2024-09-23 05:44:58',1),(1,1,'C_2','2024-09-23 05:44:58',1),(1,1,'C_2','2024-09-23 05:44:58',1),(1,1,'A_3','2024-09-23 05:46:03',1),(1,1,'A_3','2024-09-23 05:45:58',1),(1,1,'B_1','2024-09-23 05:45:03',1),(2,1,'E_2','2024-09-23 05:45:13',1),(1,1,'B_1','2024-09-23 05:45:08',1),(1,1,'A_3','2024-09-23 05:45:08',1),(2,1,'E_3','2024-09-23 05:45:08',1),(2,1,'E_2','2024-09-23 05:45:08',1),(2,1,'E_2','2024-09-23 05:45:08',1),(1,1,'A_3','2024-09-23 05:45:53',1),(1,1,'A_2','2024-09-23 05:45:48',1),(1,1,'A_3','2024-09-23 05:45:48',1),(1,1,'A_3','2024-09-23 05:45:48',1),(1,1,'A_2','2024-09-23 05:45:13',1),(1,1,'B_2','2024-09-23 05:45:13',1),(1,1,'B_2','2024-09-23 05:45:13',1),(1,1,'B_1','2024-09-23 05:45:43',1),(1,1,'A_2','2024-09-23 05:45:18',1),(2,1,'E_3','2024-09-23 05:45:43',1),(2,1,'E_1','2024-09-23 05:45:43',1),(2,1,'E_3','2024-09-23 05:45:43',1),(2,1,'E_3','2024-09-23 05:45:38',1),(1,1,'A_2','2024-09-23 05:45:38',1),(1,1,'A_2','2024-09-23 05:45:38',1),(2,1,'E_1','2024-09-23 05:45:23',1),(1,1,'A_2','2024-09-23 05:45:23',1),(1,1,'B_1','2024-09-23 05:45:33',1),(1,1,'B_1','2024-09-23 05:45:33',1),(1,1,'B_1','2024-09-23 05:45:28',1),(2,1,'E_1','2024-09-23 05:45:28',1),(2,1,'E_3','2024-09-23 05:45:33',1),(2,1,'E_3','2024-09-23 05:46:58',1);
/*!40000 ALTER TABLE `estimated_locations` ENABLE KEYS */;
UNLOCK TABLES;

--
-- Table structure for table `fixed_beacons`
--

DROP TABLE IF EXISTS `fixed_beacons`;
/*!40101 SET @saved_cs_client     = @@character_set_client */;
/*!50503 SET character_set_client = utf8mb4 */;
CREATE TABLE `fixed_beacons` (
  `id` int NOT NULL AUTO_INCREMENT,
  `mac_address` varchar(255) NOT NULL,
  `device_name` varchar(255) NOT NULL,
  `floor` int NOT NULL,
  `zone` varchar(255) NOT NULL,
  PRIMARY KEY (`id`),
  UNIQUE KEY `mac_address` (`mac_address`)
) ENGINE=InnoDB AUTO_INCREMENT=19 DEFAULT CHARSET=utf8mb4 COLLATE=utf8mb4_0900_ai_ci;
/*!40101 SET character_set_client = @saved_cs_client */;

--
-- Dumping data for table `fixed_beacons`
--

LOCK TABLES `fixed_beacons` WRITE;
/*!40000 ALTER TABLE `fixed_beacons` DISABLE KEYS */;
INSERT INTO `fixed_beacons` VALUES (1,'60:98:66:33:42:D4','Beacon 1',3,'A_1'),(2,'60:98:66:32:8E:28','Beacon 2',3,'A_2'),(3,'60:98:66:32:BC:AC','Beacon 3',3,'A_3'),(4,'60:98:66:30:A9:6E','Beacon 4',3,'C_1'),(5,'60:98:66:32:CA:74','Beacon 5',3,'C_2'),(6,'60:98:66:2F:CF:9F','Beacon 6',3,'C_3'),(7,'60:98:66:32:B8:EF','Beacon 7',3,'E_3'),(8,'60:98:66:32:CA:59','Beacon 8',3,'E_2'),(9,'60:98:66:33:35:4C','Beacon 9',3,'E_1'),(10,'60:98:66:32:AF:B6','Beacon 10',3,'E_S_U'),(11,'60:98:66:33:0E:8C','Beacon 11',3,'E_S_D'),(12,'60:98:66:32:C8:E9','Beacon 12',3,'D_S'),(13,'60:98:66:32:9F:67','Beacon 13',3,'B_S'),(14,'60:98:66:33:24:44','Beacon 14',3,'A_S'),(15,'60:98:66:32:BB:CB','Beacon 15',3,'D_1'),(16,'60:98:66:32:AA:F8','Beacon 16',3,'D_2'),(17,'A0:6C:65:99:DB:7C','Beacon 17',3,'B_1'),(18,'60:98:66:32:98:58','Beacon 18',3,'B_2');
/*!40000 ALTER TABLE `fixed_beacons` ENABLE KEYS */;
UNLOCK TABLES;

--
-- Table structure for table `rssi_measurements_YYYY_MM`
--

DROP TABLE IF EXISTS `rssi_measurements_YYYY_MM`;
/*!40101 SET @saved_cs_client     = @@character_set_client */;
/*!50503 SET character_set_client = utf8mb4 */;
CREATE TABLE `rssi_measurements_YYYY_MM` (
  `id` bigint NOT NULL AUTO_INCREMENT,
  `scanner_id` int NOT NULL,
  `fixed_beacon_id` int NOT NULL,
  `rssi` int NOT NULL,
  `timestamp` timestamp NULL DEFAULT CURRENT_TIMESTAMP,
  PRIMARY KEY (`id`),
  KEY `scanner_id` (`scanner_id`),
  KEY `fixed_beacon_id` (`fixed_beacon_id`),
  CONSTRAINT `rssi_measurements_YYYY_MM_ibfk_1` FOREIGN KEY (`scanner_id`) REFERENCES `beacon_scanners` (`id`),
  CONSTRAINT `rssi_measurements_YYYY_MM_ibfk_2` FOREIGN KEY (`fixed_beacon_id`) REFERENCES `fixed_beacons` (`id`)
) ENGINE=InnoDB DEFAULT CHARSET=utf8mb4 COLLATE=utf8mb4_0900_ai_ci;
/*!40101 SET character_set_client = @saved_cs_client */;

--
-- Dumping data for table `rssi_measurements_YYYY_MM`
--

LOCK TABLES `rssi_measurements_YYYY_MM` WRITE;
/*!40000 ALTER TABLE `rssi_measurements_YYYY_MM` DISABLE KEYS */;
/*!40000 ALTER TABLE `rssi_measurements_YYYY_MM` ENABLE KEYS */;
UNLOCK TABLES;

--
-- Table structure for table `users`
--

DROP TABLE IF EXISTS `users`;
/*!40101 SET @saved_cs_client     = @@character_set_client */;
/*!50503 SET character_set_client = utf8mb4 */;
CREATE TABLE `users` (
  `id` int NOT NULL AUTO_INCREMENT,
  `username` varchar(255) NOT NULL,
  `password` varchar(255) NOT NULL,
  PRIMARY KEY (`id`),
  UNIQUE KEY `username` (`username`)
) ENGINE=InnoDB DEFAULT CHARSET=utf8mb4 COLLATE=utf8mb4_0900_ai_ci;
/*!40101 SET character_set_client = @saved_cs_client */;

--
-- Dumping data for table `users`
--

LOCK TABLES `users` WRITE;
/*!40000 ALTER TABLE `users` DISABLE KEYS */;
/*!40000 ALTER TABLE `users` ENABLE KEYS */;
UNLOCK TABLES;
/*!40103 SET TIME_ZONE=@OLD_TIME_ZONE */;

/*!40101 SET SQL_MODE=@OLD_SQL_MODE */;
/*!40014 SET FOREIGN_KEY_CHECKS=@OLD_FOREIGN_KEY_CHECKS */;
/*!40014 SET UNIQUE_CHECKS=@OLD_UNIQUE_CHECKS */;
/*!40101 SET CHARACTER_SET_CLIENT=@OLD_CHARACTER_SET_CLIENT */;
/*!40101 SET CHARACTER_SET_RESULTS=@OLD_CHARACTER_SET_RESULTS */;
/*!40101 SET COLLATION_CONNECTION=@OLD_COLLATION_CONNECTION */;
/*!40111 SET SQL_NOTES=@OLD_SQL_NOTES */;

-- Dump completed on 2024-09-23 23:21:27
